rdate,Y,M,D,doy,time,datestr1,datestr2,datestr3,ndvi,blue,green,red,nir,swir1,swir2,sensor
3/27/1984,1984,3,27,87,1984.236986,LT4-1984-03-27,LT4-1984087ndvi,"1984,, 3/ 27",0.076793911,2806.74707,3025.679443,3152.502441,3676.963867,2373.397461,1650.800903,LT4
4/10/1984,1984,4,10,101,1984.275342,LT4-1984-04-10,LT4-1984101ndvi,"1984,, 4/ 10",0.332738109,546.7114868,772.9509888,1007.992859,2013.288208,2546.4104,1769.470093,LT4
5/12/1984,1984,5,12,133,1984.363014,LT4-1984-05-12,LT4-1984133ndvi,"1984,, 5/ 12",0.561761412,511.4609375,801.109314,781.5662231,2785.286377,2198.462646,1163.465698,LT4
6/29/1984,1984,6,29,181,1984.494521,LT4-1984-06-29,LT4-1984181ndvi,"1984,, 6/ 29",0.429427234,1910.860596,2145.768066,1997.613281,5004.52002,3351.231934,2326.273682,LT4
7/15/1984,1984,7,15,197,1984.538356,LT4-1984-07-15,LT4-1984197ndvi,"1984,, 7/ 15",0.409388401,2854.069336,2896.897949,2528.766357,6034.446289,2849.559326,1618.624878,LT4
9/17/1984,1984,9,17,261,1984.713699,LT4-1984-09-17,LT4-1984261ndvi,"1984,, 9/ 17",0.796097477,270.2310791,446.1559143,353.7097778,3115.690918,1598.394653,627.3684692,LT4
11/20/1984,1984,11,20,325,1984.889041,LT4-1984-11-20,LT4-1984325ndvi,"1984,, 11/ 20",0.401653305,639.2609863,753.8461304,851.4191895,1994.486694,2002.849243,1175.058105,LT4
4/29/1985,1985,4,29,119,1985.324658,LT4-1985-04-29,LT4-1985119ndvi,"1985,, 4/ 29",0.572036962,539.3754272,801.7324219,752.180603,2762.985596,1945.220947,1069.478516,LT4
9/4/1985,1985,9,4,247,1985.675342,LT4-1985-09-04,LT4-1985247ndvi,"1985,, 9/  4",0.730465766,549.4091187,689.2575684,565.1969604,3628.681885,1735.697021,651.2879028,LT4
9/20/1985,1985,9,20,263,1985.719178,LT4-1985-09-20,LT4-1985263ndvi,"1985,, 9/ 20",0.682746898,530.6055908,662.4046631,554.3252563,2940.204834,1644.834473,691.7962036,LT4
11/23/1985,1985,11,23,327,1985.894521,LT4-1985-11-23,LT4-1985327ndvi,"1985,, 11/ 23",0.388111056,477.1504517,593.3954468,698.5239258,1584.648315,1969.562256,1147.24939,LT4
3/15/1986,1986,3,15,74,1986.20137,LT4-1986-03-15,LT4-1986074ndvi,"1986,, 3/ 15",0.278412186,794.0282593,884.9360962,1027.681763,1820.708252,2081.253662,1230.053467,LT4
5/18/1986,1986,5,18,138,1986.376712,LT4-1986-05-18,LT4-1986138ndvi,"1986,, 5/ 18",0.708030404,633.7557373,880.6964722,656.435791,3840.167969,1930.005615,858.5307617,LT4
6/3/1986,1986,6,3,154,1986.420548,LT4-1986-06-03,LT4-1986154ndvi,"1986,, 6/  3",0.824198339,252.7891541,502.4465942,362.539856,3761.87915,1744.812744,761.3023071,LT4
6/19/1986,1986,6,19,170,1986.464384,LT4-1986-06-19,LT4-1986170ndvi,"1986,, 6/ 19",0.828226177,304.2884216,534.6536865,381.5684204,4061.115723,1791.953369,784.9631348,LT4
7/5/1986,1986,7,5,186,1986.508219,LT4-1986-07-05,LT4-1986186ndvi,"1986,, 7/  5",0.770927122,497.336731,726.8706665,553.5390625,4279.325195,1920.381226,856.848999,LT4
8/6/1986,1986,8,6,218,1986.59589,LT4-1986-08-06,LT4-1986218ndvi,"1986,, 8/  6",0.715156371,810.6402588,988.7207031,747.0111694,4498.050293,1914.470337,776.1148682,LT4
4/19/1987,1987,4,19,109,1987.29726,LT4-1987-04-19,LT4-1987109ndvi,"1987,, 4/ 19",0.396895323,512.4916382,717.7375488,857.1085205,1985.212402,2419.768066,1512.759766,LT4
5/5/1987,1987,5,5,125,1987.341096,LT4-1987-05-05,LT4-1987125ndvi,"1987,, 5/  5",0.607865977,416.421814,700.4382935,649.8615723,2664.625488,2028.822754,1102.58313,LT4
5/21/1987,1987,5,21,141,1987.384932,LT4-1987-05-21,LT4-1987141ndvi,"1987,, 5/ 21",0.799141701,433.450592,709.6278687,450.490387,4035.16333,1734.293579,712.2849121,LT4
7/8/1987,1987,7,8,189,1987.516438,LT4-1987-07-08,LT4-1987189ndvi,"1987,, 7/  8",0.795072512,534.328064,696.0598145,506.3058472,4435.01123,1987.057739,769.5606689,LT4
7/24/1987,1987,7,24,205,1987.560274,LT4-1987-07-24,LT4-1987205ndvi,"1987,, 7/ 24",0.800640954,482.7826538,659.1002808,453.8812561,4099.523926,1865.521606,722.3800659,LT4
9/10/1987,1987,9,10,253,1987.691781,LT4-1987-09-10,LT4-1987253ndvi,"1987,, 9/ 10",0.786689899,371.8001709,524.9014893,388.2468872,3251.964111,1598.30835,597.3973389,LT4
9/26/1987,1987,9,26,269,1987.735616,LT4-1987-09-26,LT4-1987269ndvi,"1987,, 9/ 26",0.761967669,283.2904663,443.4304504,359.2405396,2659.17749,1493.474854,622.8354492,LT4
11/13/1987,1987,11,13,317,1987.867123,LT4-1987-11-13,LT4-1987317ndvi,"1987,, 11/ 13",0.420885937,520.1418457,657.8920898,772.5943604,1895.599731,1961.371704,1123.119629,LT4
12/15/1987,1987,12,15,349,1987.954795,LT4-1987-12-15,LT4-1987349ndvi,"1987,, 12/ 15",0.014172712,3890.743652,3812.251465,3623.611572,3727.801025,3209.869873,2478.397705,LT4
2/17/1988,1988,2,17,48,1988.130137,LT4-1988-02-17,LT4-1988048ndvi,"1988,, 2/ 17",0.238593371,865.9006958,1012.783813,1165.253052,1895.537354,1694.115723,1027.089844,LT4
4/5/1988,1988,4,5,96,1988.261644,LT4-1988-04-05,LT4-1988096ndvi,"1988,, 4/  5",0.344308534,804.1762695,998.0071411,1112.052246,2279.946289,2492.080078,1573.687256,LT4
5/7/1988,1988,5,7,128,1988.349315,LT4-1988-05-07,LT4-1988128ndvi,"1988,, 5/  7",0.585432008,440.9067383,680.7180786,657.1115723,2512.991211,2081.224609,1203.397949,LT4
6/8/1988,1988,6,8,160,1988.436986,LT4-1988-06-08,LT4-1988160ndvi,"1988,, 6/  8",0.805512661,345.4951782,598.3268433,445.6233215,4136.919922,1840.078247,787.1641235,LT4
6/24/1988,1988,6,24,176,1988.480822,LT4-1988-06-24,LT4-1988176ndvi,"1988,, 6/ 24",0.811048752,282.4577637,512.5535278,422.5193787,4049.73877,1883.479858,825.689209,LT4
8/11/1988,1988,8,11,224,1988.612329,LT4-1988-08-11,LT4-1988224ndvi,"1988,, 8/ 11",0.803737504,601.8699951,755.8629761,474.412384,4360.055664,1936.814453,769.9421387,LT4
10/14/1988,1988,10,14,288,1988.787671,LT4-1988-10-14,LT4-1988288ndvi,"1988,, 10/ 14",0.742020268,307.9425659,462.7929077,399.2561035,2695.995605,1453.095215,611.1595459,LT4
11/15/1988,1988,11,15,320,1988.875342,LT4-1988-11-15,LT4-1988320ndvi,"1988,, 11/ 15",0.449583558,435.3565369,583.1791382,700.3786011,1844.525757,1872.812744,1071.77417,LT4
3/23/1989,1989,3,23,82,1989.223288,LT4-1989-03-23,LT4-1989082ndvi,"1989,, 3/ 23",0.293400091,678.6169434,864.7345581,1044.114014,1911.204834,2250.309326,1493.818481,LT4
4/24/1989,1989,4,24,114,1989.310959,LT4-1989-04-24,LT4-1989114ndvi,"1989,, 4/ 24",0.412119846,522.2501831,740.7643433,893.1196289,2145.321533,2438.729004,1561.782471,LT4
6/11/1989,1989,6,11,162,1989.442466,LT4-1989-06-11,LT4-1989162ndvi,"1989,, 6/ 11",0.859099957,233.6220856,482.6400452,304.8039246,4021.723145,1668.926147,669.1533203,LT4
7/29/1989,1989,7,29,210,1989.573973,LT4-1989-07-29,LT4-1989210ndvi,"1989,, 7/ 29",0.80020455,450.1171265,594.088623,424.7514954,3827.112061,1736.840942,673.6013794,LT4
8/14/1989,1989,8,14,226,1989.617808,LT4-1989-08-14,LT4-1989226ndvi,"1989,, 8/ 14",0.803411146,463.5346985,606.6618042,420.1008301,3853.802002,1840.578857,731.0327759,LT4
8/30/1989,1989,8,30,242,1989.661644,LT4-1989-08-30,LT4-1989242ndvi,"1989,, 8/ 30",0.840550654,204.4314728,379.9319763,275.7572021,3183.111816,1554.344604,595.2509766,LT4
1/5/1990,1990,1,5,5,1990.012329,LT4-1990-01-05,LT4-1990005ndvi,"1990,, 1/  5",0.424135935,425.8323669,604.9517822,734.7781372,1817.137085,1687.948853,979.461731,LT4
4/27/1990,1990,4,27,117,1990.319178,LT4-1990-04-27,LT4-1990117ndvi,"1990,, 4/ 27",0.512171962,558.1712646,780.229187,791.9107056,2454.769043,2257.780273,1320.610596,LT4
6/30/1990,1990,6,30,181,1990.494521,LT4-1990-06-30,LT4-1990181ndvi,"1990,, 6/ 30",0.782925224,596.1021729,764.9032593,545.0839844,4477.000977,1964.818726,804.892395,LT4
7/16/1990,1990,7,16,197,1990.538356,LT4-1990-07-16,LT4-1990197ndvi,"1990,, 7/ 16",0.837018908,298.5092773,475.8052979,336.8362427,3796.603271,1637.090698,627.7608032,LT4
8/17/1990,1990,8,17,229,1990.626027,LT4-1990-08-17,LT4-1990229ndvi,"1990,, 8/ 17",0.806944322,478.9942017,661.6797485,422.8666077,3957.906982,1649.959106,620.8573608,LT4
10/20/1990,1990,10,20,293,1990.80137,LT4-1990-10-20,LT4-1990293ndvi,"1990,, 10/ 20",0.546477196,609.47229,810.3343506,784.2558594,2674.250977,1839.879395,940.4435425,LT4
1/8/1991,1991,1,8,8,1991.020548,LT4-1991-01-08,LT4-1991008ndvi,"1991,, 1/  8",0.289957326,590.2748413,725.4560547,915.1369019,1662.558594,1443.321777,950.9026489,LT4
6/1/1991,1991,6,1,152,1991.415068,LT4-1991-06-01,LT4-1991152ndvi,"1991,, 6/  1",0.835867063,256.7185364,434.3093262,291.9436951,3265.46167,1127.124756,408.5325928,LT4
6/17/1991,1991,6,17,168,1991.458904,LT4-1991-06-17,LT4-1991168ndvi,"1991,, 6/ 17",0.835065901,253.3470764,416.0220642,317.852356,3536.442871,1345.338501,530.7449951,LT4
7/19/1991,1991,7,19,200,1991.546575,LT4-1991-07-19,LT4-1991200ndvi,"1991,, 7/ 19",0.770730016,535.9287109,690.4368286,517.9528198,4000.325684,1843.505615,738.006958,LT4
8/4/1991,1991,8,4,216,1991.590411,LT4-1991-08-04,LT4-1991216ndvi,"1991,, 8/  4",0.720978603,624.2412109,831.0423584,653.9380493,4033.43042,1914.808594,790.1898804,LT4
9/5/1991,1991,9,5,248,1991.678082,LT4-1991-09-05,LT4-1991248ndvi,"1991,, 9/  5",0.787574265,277.3317261,457.644043,362.6795044,3051.968018,1516.468018,614.0070801,LT4
9/21/1991,1991,9,21,264,1991.721918,LT4-1991-09-21,LT4-1991264ndvi,"1991,, 9/ 21",0.703002673,532.2554932,716.6679688,629.5350952,3609.796631,2042.874756,914.15979,LT4
10/23/1991,1991,10,23,296,1991.809589,LT4-1991-10-23,LT4-1991296ndvi,"1991,, 10/ 23",0.454336285,566.7722168,746.925415,854.7120361,2278.030762,1809.748169,875.8779907,LT4
12/10/1991,1991,12,10,344,1991.941096,LT4-1991-12-10,LT4-1991344ndvi,"1991,, 12/ 10",0.301375581,580.5836182,672.2713623,777.5252075,1448.349487,1597.036499,947.9209595,LT4
2/12/1992,1992,2,12,43,1992.116438,LT4-1992-02-12,LT4-1992043ndvi,"1992,, 2/ 12",0.249706606,849.4380493,1020.793396,1203.800781,2005.079346,1789.081177,1168.829346,LT4
6/3/1992,1992,6,3,155,1992.423288,LT4-1992-06-03,LT4-1992155ndvi,"1992,, 6/  3",0.770653228,473.680542,746.2977295,524.6607666,4050.601074,1642.554932,661.6501465,LT4
8/6/1992,1992,8,6,219,1992.59863,LT4-1992-08-06,LT4-1992219ndvi,"1992,, 8/  6",0.831954274,283.4853821,465.920166,332.4976807,3624.730957,1497.824341,566.1289673,LT4
8/22/1992,1992,8,22,235,1992.642466,LT4-1992-08-22,LT4-1992235ndvi,"1992,, 8/ 22",0.79510902,431.9408569,626.9188232,461.771637,4045.7146,1644.297241,611.8261108,LT4
10/9/1992,1992,10,9,283,1992.773973,LT4-1992-10-09,LT4-1992283ndvi,"1992,, 10/  9",0.694772143,410.0632324,616.1488647,546.539978,3034.65332,1401.270386,559.6103516,LT4
6/6/1993,1993,6,6,157,1993.428767,LT4-1993-06-06,LT4-1993157ndvi,"1993,, 6/  6",0.831480464,302.6252747,509.1591187,383.4294434,4167.134277,1705.623657,686.7724609,LT4
7/8/1993,1993,7,8,189,1993.516438,LT4-1993-07-08,LT4-1993189ndvi,"1993,, 7/  8",0.8655499,227.1083832,429.327301,284.8633118,3952.594482,1591.190552,574.6950073,LT4
7/24/1993,1993,7,24,205,1993.560274,LT4-1993-07-24,LT4-1993205ndvi,"1993,, 7/ 24",0.640495206,710.050293,941.9586182,820.7445068,3745.228027,1926.839844,1028.204712,LT4
8/9/1993,1993,8,9,221,1993.60411,LT4-1993-08-09,LT4-1993221ndvi,"1993,, 8/  9",0.804702266,325.8007507,492.9289246,387.1869812,3577.907471,1631.750732,658.8469238,LT4
9/10/1993,1993,9,10,253,1993.691781,LT4-1993-09-10,LT4-1993253ndvi,"1993,, 9/ 10",0.781286882,335.0184326,473.8900146,371.2842102,3023.886719,1378.318604,528.0628662,LT4
10/12/1993,1993,10,12,285,1993.779452,LT4-1993-10-12,LT4-1993285ndvi,"1993,, 10/ 12",0.670163301,363.4188538,538.0787964,524.1709595,2654.195557,1477.692139,601.6342773,LT4
4/22/1994,1994,4,22,112,1994.305479,LT4-1994-04-22,LT4-1994112ndvi,"1994,, 4/ 22",0.438608686,500.7922363,716.8165283,865.3045654,2217.409912,2491.188232,1556.727173,LT4
5/8/1994,1994,5,8,128,1994.349315,LT4-1994-05-08,LT4-1994128ndvi,"1994,, 5/  8",0.574934718,700.2924194,973.2108765,919.4038696,3406.538086,2313.414063,1198.903442,LT4
8/12/1994,1994,8,12,224,1994.612329,LT4-1994-08-12,LT4-1994224ndvi,"1994,, 8/ 12",0.308486279,2740.4729,2752.316162,2450.470459,4636.794434,2341.605469,1151.109497,LT4
9/13/1994,1994,9,13,256,1994.7,LT4-1994-09-13,LT4-1994256ndvi,"1994,, 9/ 13",0.783723915,382.5953674,545.3029785,397.4368286,3277.836182,1586.636108,610.1737671,LT4
10/15/1994,1994,10,15,288,1994.787671,LT4-1994-10-15,LT4-1994288ndvi,"1994,, 10/ 15",0.636318379,276.9805603,474.9782715,551.0213623,2479.218994,1585.779785,683.2624512,LT4
12/2/1994,1994,12,2,336,1994.919178,LT4-1994-12-02,LT4-1994336ndvi,"1994,, 12/  2",0.418536969,372.0757446,515.3575439,670.3549194,1635.397583,1981.946411,1185.733032,LT4
3/24/1995,1995,3,24,83,1995.226027,LT4-1995-03-24,LT4-1995083ndvi,"1995,, 3/ 24",0.373624799,476.5934143,649.8595581,840.8355713,1843.930908,2360.126709,1499.298584,LT4
5/27/1995,1995,5,27,147,1995.40137,LT4-1995-05-27,LT4-1995147ndvi,"1995,, 5/ 27",0.611189225,867.350647,1215.237427,1037.417725,4298.945313,2368.515137,1430.368408,LT4
7/14/1995,1995,7,14,195,1995.532877,LT4-1995-07-14,LT4-1995195ndvi,"1995,, 7/ 14",0.818796893,377.7463989,553.8701172,385.5670471,3870.066895,1697.717041,667.008728,LT4
7/30/1995,1995,7,30,211,1995.576712,LT4-1995-07-30,LT4-1995211ndvi,"1995,, 7/ 30",0.854123451,199.8745575,388.6003723,277.1991272,3523.262695,1622.314697,624.6074219,LT4
8/31/1995,1995,8,31,243,1995.664384,LT4-1995-08-31,LT4-1995243ndvi,"1995,, 8/ 31",0.725910856,562.4754639,680.9263916,538.1242065,3388.512207,1717.332153,697.9929199,LT4
10/2/1995,1995,10,2,275,1995.752055,LT4-1995-10-02,LT4-1995275ndvi,"1995,, 10/  2",0.690187297,312.5561218,481.578064,448.8817139,2448.880127,1626.568237,718.1588745,LT4
10/18/1995,1995,10,18,291,1995.79589,LT4-1995-10-18,LT4-1995291ndvi,"1995,, 10/ 18",0.577836134,426.1551208,574.4862671,568.9404297,2126.413086,1763.192017,829.0933838,LT4
11/3/1995,1995,11,3,307,1995.839726,LT4-1995-11-03,LT4-1995307ndvi,"1995,, 11/  3",0.358917043,662.2438354,797.0895996,815.7399902,1729.141235,1414.687622,748.0699463,LT4
3/26/1996,1996,3,26,86,1996.234247,LT4-1996-03-26,LT4-1996086ndvi,"1996,, 3/ 26",0.326918295,553.4713135,729.8357544,947.6749878,1868.25354,2470.086426,1581.082886,LT4
6/30/1996,1996,6,30,182,1996.49726,LT4-1996-06-30,LT4-1996182ndvi,"1996,, 6/ 30",0.815622238,464.9590454,675.5705566,455.777771,4488.178223,1845.386597,713.4419556,LT4
9/2/1996,1996,9,2,246,1996.672603,LT4-1996-09-02,LT4-1996246ndvi,"1996,, 9/  2",0.763111698,563.8007202,669.1206665,489.0407104,3639.831055,1678.298706,638.5436401,LT4
9/18/1996,1996,9,18,262,1996.716438,LT4-1996-09-18,LT4-1996262ndvi,"1996,, 9/ 18",0.813590538,257.6078796,381.0090942,313.4778748,3049.8479,1494.026123,586.6166382,LT4
10/4/1996,1996,10,4,278,1996.760274,LT4-1996-10-04,LT4-1996278ndvi,"1996,, 10/  4",0.749861028,255.0586853,423.4163513,367.9451904,2573.980957,1474.367554,629.1643066,LT4
1/8/1997,1997,1,8,8,1997.020548,LT4-1997-01-08,LT4-1997008ndvi,"1997,, 1/  8",0.395388795,453.7139893,475.8796692,687.5042725,1586.698608,1820.600342,1116.733398,LT4
2/25/1997,1997,2,25,56,1997.152055,LT4-1997-02-25,LT4-1997056ndvi,"1997,, 2/ 25",0.367494387,508.4991455,577.538147,808.2429199,1747.443237,2109.358154,1302.713501,LT4
3/29/1997,1997,3,29,88,1997.239726,LT4-1997-03-29,LT4-1997088ndvi,"1997,, 3/ 29",0.338338907,917.9525757,1074.273315,1209.855225,2447.168701,2597.602295,1542.327393,LT4
4/30/1997,1997,4,30,120,1997.327397,LT4-1997-04-30,LT4-1997120ndvi,"1997,, 4/ 30",0.475867917,516.4807129,714.1572876,779.8644409,2195.967285,2175.463135,1269.717285,LT4
5/16/1997,1997,5,16,136,1997.371233,LT4-1997-05-16,LT4-1997136ndvi,"1997,, 5/ 16",0.667931978,494.1947021,678.4044189,659.0172729,3310.153076,2386.515625,1239.531738,LT4
7/19/1997,1997,7,19,200,1997.546575,LT4-1997-07-19,LT4-1997200ndvi,"1997,, 7/ 19",0.867064392,215.5789795,404.9508667,284.5212097,3996.065674,1727.391113,653.4187622,LT4
9/5/1997,1997,9,5,248,1997.678082,LT4-1997-09-05,LT4-1997248ndvi,"1997,, 9/  5",0.810538851,265.8080139,441.3659668,333.8693237,3190.540039,1559.171509,661.8925171,LT4
9/21/1997,1997,9,21,264,1997.721918,LT4-1997-09-21,LT4-1997264ndvi,"1997,, 9/ 21",0.777709212,521.6135864,666.7991333,510.8746643,4085.579102,2088.247803,880.7253418,LT4
10/7/1997,1997,10,7,280,1997.765753,LT4-1997-10-07,LT4-1997280ndvi,"1997,, 10/  7",0.669312872,572.4769897,709.6759033,581.9376831,2937.628906,1707.298828,729.4472656,LT4
10/23/1997,1997,10,23,296,1997.809589,LT4-1997-10-23,LT4-1997296ndvi,"1997,, 10/ 23",0.635953494,434.6025391,507.0960999,544.7341919,2447.928467,1795.428345,883.4229736,LT4
11/24/1997,1997,11,24,328,1997.89726,LT4-1997-11-24,LT4-1997328ndvi,"1997,, 11/ 24",0.430037723,487.0968323,554.3873901,502.5516968,1260.904297,885.9749756,447.1860657,LT4
1/11/1998,1998,1,11,11,1998.028767,LT4-1998-01-11,LT4-1998011ndvi,"1998,, 1/ 11",0.394076956,420.1793518,560.850647,679.7225952,1563.871216,1796.329102,1080.576538,LT4
3/16/1998,1998,3,16,75,1998.20411,LT4-1998-03-16,LT4-1998075ndvi,"1998,, 3/ 16",0.372056692,518.0777588,710.0040894,871.4095459,1904.03064,2357.662842,1460.141357,LT4
4/1/1998,1998,4,1,91,1998.247945,LT4-1998-04-01,LT4-1998091ndvi,"1998,, 4/  1",0.475350069,621.8153687,781.4346924,853.7960815,2400.930664,2172.207764,1218.116699,LT4
5/19/1998,1998,5,19,139,1998.379452,LT4-1998-05-19,LT4-1998139ndvi,"1998,, 5/ 19",0.845208896,289.6806641,559.2300415,345.8924255,4123.258789,1833.330322,746.3946533,LT4
6/20/1998,1998,6,20,171,1998.467123,LT4-1998-06-20,LT4-1998171ndvi,"1998,, 6/ 20",0.858279203,296.0011292,499.2590637,337.0616455,4419.638184,1964.960449,785.2025757,LT4
8/23/1998,1998,8,23,235,1998.642466,LT4-1998-08-23,LT4-1998235ndvi,"1998,, 8/ 23",0.78396671,383.8494263,533.1710205,412.7786865,3408.657227,1868.520264,789.354248,LT4
9/24/1998,1998,9,24,267,1998.730137,LT4-1998-09-24,LT4-1998267ndvi,"1998,, 9/ 24",0.763847856,253.9504089,409.6252747,354.407135,2647.108154,1618.401611,697.2140503,LT4
11/11/1998,1998,11,11,315,1998.861644,LT4-1998-11-11,LT4-1998315ndvi,"1998,, 11/ 11",0.485912615,439.2258606,576.894104,658.5544434,1903.478638,1959.649414,1071.785156,LT4
11/27/1998,1998,11,27,331,1998.905479,LT4-1998-11-27,LT4-1998331ndvi,"1998,, 11/ 27",0.442774482,453.0110168,582.3665161,693.135437,1794.67395,1867.070801,1048.320923,LT4
2/15/1999,1999,2,15,46,1999.124658,LT4-1999-02-15,LT4-1999046ndvi,"1999,, 2/ 15",0.207280098,1332.224365,1468.274536,1604.536255,2443.643311,1552.671753,960.1131592,LT4
6/7/1999,1999,6,7,158,1999.431507,LT4-1999-06-07,LT4-1999158ndvi,"1999,, 6/  7",0.655274802,1092.311646,1251.516357,1053.444458,5058.348145,2405.332275,1079.533936,LT4
6/23/1999,1999,6,23,174,1999.475342,LT4-1999-06-23,LT4-1999174ndvi,"1999,, 6/ 23",0.802096465,319.4645691,554.9387207,438.8500977,3996.139893,1935.197876,839.6281128,LT4
9/11/1999,1999,9,11,254,1999.694521,LT4-1999-09-11,LT4-1999254ndvi,"1999,, 9/ 11",0.781450468,232.3169556,398.7180786,332.5231323,2710.477051,1587.758545,693.4580078,LT4
10/29/1999,1999,10,29,302,1999.826027,LT4-1999-10-29,LT4-1999302ndvi,"1999,, 10/ 29",0.461049955,463.1210022,583.2174683,687.7642212,1864.473145,1899.772583,1001.076538,LT4
1/1/2000,2000,1,1,1,2000.00137,LT4-2000-01-01,LT4-2000001ndvi,"2000,, 1/  1",0.382529568,393.1014404,482.7926636,632.9129028,1417.105591,1572.849976,872.690979,LT4
2/2/2000,2000,2,2,33,2000.089041,LT4-2000-02-02,LT4-2000033ndvi,"2000,, 2/  2",0.13570634,1601,1487,1554,2042,1233,723,LT4
3/5/2000,2000,3,5,65,2000.176712,LT4-2000-03-05,LT4-2000065ndvi,"2000,, 3/  5",0.356310712,470.473999,608.5663452,782.2980957,1648.371826,2281.739502,1458.762085,LT4
5/24/2000,2000,5,24,145,2000.39589,LT4-2000-05-24,LT4-2000145ndvi,"2000,, 5/ 24",0.834187961,348.3777161,641.989624,410.3057861,4538.741211,1932.584839,786.8656616,LT4
6/9/2000,2000,6,9,161,2000.439726,LT4-2000-06-09,LT4-2000161ndvi,"2000,, 6/  9",0.840163105,316.595459,531.8370361,347.7301331,4003.332031,1735.561646,686.5341797,LT4
7/27/2000,2000,7,27,209,2000.571233,LT4-2000-07-27,LT4-2000209ndvi,"2000,, 7/ 27",0.80427275,499.4329529,657.6259766,457.823822,4220.35791,1799.860718,687.3070679,LT4
9/13/2000,2000,9,13,257,2000.70274,LT4-2000-09-13,LT4-2000257ndvi,"2000,, 9/ 13",0.823592728,212.6140137,376.9992065,275.6086731,2849.077393,1417.521973,567.2612305,LT4
10/31/2000,2000,10,31,305,2000.834247,LT4-2000-10-31,LT4-2000305ndvi,"2000,, 10/ 31",0.508957657,330.3954163,471.401001,577.7504883,1775.409058,1929.414673,1033.922363,LT4
12/2/2000,2000,12,2,337,2000.921918,LT4-2000-12-02,LT4-2000337ndvi,"2000,, 12/  2",0.2762579,904.3898315,976.5762939,1013.520569,1787.25769,1263.340576,762.4621582,LT4
4/25/2001,2001,4,25,115,2001.313699,LT4-2001-04-25,LT4-2001115ndvi,"2001,, 4/ 25",0.630358922,398.9147034,628.0858765,598.5009766,2639.780762,2034.543945,1115.614014,LT4
5/11/2001,2001,5,11,131,2001.357534,LT4-2001-05-11,LT4-2001131ndvi,"2001,, 5/ 11",0.780513438,356.4173889,633.3986206,460.0914307,3732.342285,1753.817017,774.322998,LT4
6/12/2001,2001,6,12,163,2001.445205,LT4-2001-06-12,LT4-2001163ndvi,"2001,, 6/ 12",0.822500829,385.7467346,648.4786987,447.8786621,4598.665039,1866.378296,762.7119141,LT4
6/28/2001,2001,6,28,179,2001.489041,LT4-2001-06-28,LT4-2001179ndvi,"2001,, 6/ 28",0.81793867,435.963501,611.4029541,435.5722656,4349.32373,1850.442627,750.6543579,LT4
7/14/2001,2001,7,14,195,2001.532877,LT4-2001-07-14,LT4-2001195ndvi,"2001,, 7/ 14",0.858788122,241.4867554,442.9907837,311.0426331,4094.289795,1745.903809,675.7687988,LT4
7/30/2001,2001,7,30,211,2001.576712,LT4-2001-07-30,LT4-2001211ndvi,"2001,, 7/ 30",0.827864401,310.6670227,509.8258972,360.5747681,3828.852295,1708.083984,659.4078369,LT4
8/15/2001,2001,8,15,227,2001.620548,LT4-2001-08-15,LT4-2001227ndvi,"2001,, 8/ 15",0.832420813,230.6689453,403.5090332,308.2595215,3370.711914,1679.722168,675.9807739,LT4
9/16/2001,2001,9,16,259,2001.708219,LT4-2001-09-16,LT4-2001259ndvi,"2001,, 9/ 16",0.818808669,215.4762878,383.4442139,288.4837952,2895.816406,1570.845825,611.505188,LT4
10/18/2001,2001,10,18,291,2001.79589,LT4-2001-10-18,LT4-2001291ndvi,"2001,, 10/ 18",0.58861843,277.5503235,464.4228516,525.2782593,2028.449463,1683.053711,828.6165161,LT4
11/3/2001,2001,11,3,307,2001.839726,LT4-2001-11-03,LT4-2001307ndvi,"2001,, 11/  3",0.506235507,324.0005798,431.6694031,556.8208618,1698.589844,1740.368286,936.0194702,LT4
11/19/2001,2001,11,19,323,2001.883562,LT4-2001-11-19,LT4-2001323ndvi,"2001,, 11/ 19",0.326551864,794.8065186,827.206604,896.1278687,1765.184326,2062.307129,1269.988525,LT4
12/5/2001,2001,12,5,339,2001.927397,LT4-2001-12-05,LT4-2001339ndvi,"2001,, 12/  5",0.430629189,433.6390381,544.7088623,627.6698608,1577.114258,1874.055298,1057.860474,LT4
1/22/2002,2002,1,22,22,2002.058904,LT4-2002-01-22,LT4-2002022ndvi,"2002,, 1/ 22",0.205847795,1092.934448,1080.262329,1180.291992,1792.165894,1146.126709,717.4102783,LT4
2/7/2002,2002,2,7,38,2002.10274,LT4-2002-02-07,LT4-2002038ndvi,"2002,, 2/  7",0.402212394,404.3908691,532.8623047,652.3278809,1530.145874,1964.557983,1215.981812,LT4
2/23/2002,2002,2,23,54,2002.146575,LT4-2002-02-23,LT4-2002054ndvi,"2002,, 2/ 23",0.357262409,616.7943726,753.2588501,893.741272,1887.304321,1958.92041,1153.861816,LT4
7/1/2002,2002,7,1,182,2002.49726,LT4-2002-07-01,LT4-2002182ndvi,"2002,, 7/  1",0.768905542,565.0759888,762.7557373,542.7050171,4154.119141,1804.953979,704.7470703,LT4
7/17/2002,2002,7,17,198,2002.541096,LT4-2002-07-17,LT4-2002198ndvi,"2002,, 7/ 17",0.767551378,441.7742615,595.758667,495.9281311,3771.063232,1744.545288,770.2316895,LT4
8/18/2002,2002,8,18,230,2002.628767,LT4-2002-08-18,LT4-2002230ndvi,"2002,, 8/ 18",0.503742629,1437.762695,1377.796631,1270.898315,3851.033936,2671.983154,1447.949097,LT4
9/3/2002,2002,9,3,246,2002.672603,LT4-2002-09-03,LT4-2002246ndvi,"2002,, 9/  3",0.787580274,324.9052734,456.138855,375.2529297,3157.874023,1597.94873,673.3798218,LT4
9/19/2002,2002,9,19,262,2002.716438,LT4-2002-09-19,LT4-2002262ndvi,"2002,, 9/ 19",0.708307553,678.9197388,785.0535278,617.3143921,3615.324463,1659.856201,679.588623,LT4
1/9/2003,2003,1,9,9,2003.023288,LT4-2003-01-09,LT4-2003009ndvi,"2003,, 1/  9",0.245109359,840.6832886,978.8149414,1013.120972,1671.031982,1144.505371,834.572937,LT4
3/14/2003,2003,3,14,73,2003.19863,LT4-2003-03-14,LT4-2003073ndvi,"2003,, 3/ 14",0.270995126,740.5430298,910.5576782,1091.878174,1903.652344,1585.303223,920.4033813,LT4
4/15/2003,2003,4,15,105,2003.286301,LT4-2003-04-15,LT4-2003105ndvi,"2003,, 4/ 15",0.459176125,597.1373901,795.4324951,855.2264404,2307.453613,2374.049072,1437.313599,LT4
6/2/2003,2003,6,2,153,2003.417808,LT4-2003-06-02,LT4-2003153ndvi,"2003,, 6/  2",0.792293092,420.5119934,639.3098145,440.2023315,3798.485107,1622.42981,680.4984741,LT4
7/4/2003,2003,7,4,185,2003.505479,LT4-2003-07-04,LT4-2003185ndvi,"2003,, 7/  4",0.759996338,611.5015259,843.2327881,590.0686035,4327.094727,1769.984009,702.2007446,LT4
7/20/2003,2003,7,20,201,2003.549315,LT4-2003-07-20,LT4-2003201ndvi,"2003,, 7/ 20",0.850155366,271.7005615,461.1886597,310.9903259,3839.84668,1634.687256,648.3853149,LT4
8/21/2003,2003,8,21,233,2003.636986,LT4-2003-08-21,LT4-2003233ndvi,"2003,, 8/ 21",0.714011402,842.5029297,930.8196411,656.4949341,3934.561768,1645.675659,626.6187744,LT4
10/8/2003,2003,10,8,281,2003.768493,LT4-2003-10-08,LT4-2003281ndvi,"2003,, 10/  8",0.719914783,299.7783508,447.9544067,395.2979736,2427.399902,1500.368652,615.894104,LT4
10/24/2003,2003,10,24,297,2003.812329,LT4-2003-10-24,LT4-2003297ndvi,"2003,, 10/ 24",0.552844263,372.6998901,513.5714722,548.2539673,1903.929565,1535.739258,720.9685059,LT4
11/9/2003,2003,11,9,313,2003.856164,LT4-2003-11-09,LT4-2003313ndvi,"2003,, 11/  9",0.494582163,326.0840454,426.5829773,513.8684082,1519.571533,1858.372559,1031.5354,LT4
11/25/2003,2003,11,25,329,2003.9,LT4-2003-11-25,LT4-2003329ndvi,"2003,, 11/ 25",0.361516702,583.6558838,679.4865112,750.7871094,1600.995972,1342.385498,762.3496094,LT4
12/27/2003,2003,12,27,361,2003.987671,LT4-2003-12-27,LT4-2003361ndvi,"2003,, 12/ 27",0.162766871,1236.379272,1104.536377,1196.130249,1661.210693,1114.302734,749.0267944,LT4
2/29/2004,2004,2,29,60,2004.163014,LT4-2004-02-29,LT4-2004060ndvi,"2004,, 2/ 29",0.26510449,769.916626,916.3381958,1051.97583,1810.950439,2064.039307,1344.892334,LT4
6/20/2004,2004,6,20,172,2004.469863,LT4-2004-06-20,LT4-2004172ndvi,"2004,, 6/ 20",0.874334974,254.2263184,488.830658,323.2820435,4821.857422,1977.766968,755.9605103,LT4
8/7/2004,2004,8,7,220,2004.60137,LT4-2004-08-07,LT4-2004220ndvi,"2004,, 8/  7",0.779957454,206.0396576,285.7310791,191.8234406,1551.688843,543.4019775,189.5662689,LT4
8/23/2004,2004,8,23,236,2004.645205,LT4-2004-08-23,LT4-2004236ndvi,"2004,, 8/ 23",0.827667158,293.5501099,439.4553528,315.0311584,3341.046875,1551.905396,582.9177856,LT4
9/24/2004,2004,9,24,268,2004.732877,LT4-2004-09-24,LT4-2004268ndvi,"2004,, 9/ 24",0.610619244,694.6671143,852.9453125,755.7006836,3125.850586,1788.046631,860.111084,LT4
10/26/2004,2004,10,26,300,2004.820548,LT4-2004-10-26,LT4-2004300ndvi,"2004,, 10/ 26",0.465938759,429.7545776,575.1044922,620.5289307,1703.282959,1537.034546,800.9586182,LT4
11/11/2004,2004,11,11,316,2004.864384,LT4-2004-11-11,LT4-2004316ndvi,"2004,, 11/ 11",0.427452047,447.9930725,548.6528931,587.4232788,1464.538574,1750.483398,1019.362122,LT4
2/15/2005,2005,2,15,46,2005.124658,LT4-2005-02-15,LT4-2005046ndvi,"2005,, 2/ 15",0.393959363,414.348114,542.9255981,636.5405273,1464.112427,1669.869995,958.3700562,LT4
4/4/2005,2005,4,4,94,2005.256164,LT4-2005-04-04,LT4-2005094ndvi,"2005,, 4/  4",0.388039169,461.2130127,645.3492432,794.7835693,1802.7146,2264.913818,1386.773926,LT4
5/6/2005,2005,5,6,126,2005.343836,LT4-2005-05-06,LT4-2005126ndvi,"2005,, 5/  6",0.574378226,710,1017,907,3355,2263,1211,LT4
5/22/2005,2005,5,22,142,2005.387671,LT4-2005-05-22,LT4-2005142ndvi,"2005,, 5/ 22",0.804979511,311.9293823,608.5494995,406.9383545,3766.349854,1767.132324,742.5145264,LT4
6/7/2005,2005,6,7,158,2005.431507,LT4-2005-06-07,LT4-2005158ndvi,"2005,, 6/  7",0.758108669,475.463562,744.2372437,572.7332153,4162.725586,1824.16394,883.7495728,LT4
6/23/2005,2005,6,23,174,2005.475342,LT4-2005-06-23,LT4-2005174ndvi,"2005,, 6/ 23",0.856857507,229.8297577,444.2475891,317.9177856,4124.058594,1738.156372,707.1793213,LT4
7/9/2005,2005,7,9,190,2005.519178,LT4-2005-07-09,LT4-2005190ndvi,"2005,, 7/  9",0.841616482,327.6047974,510.5919495,365.8968506,4254.493652,1829.259644,710.9187012,LT4
8/10/2005,2005,8,10,222,2005.606849,LT4-2005-08-10,LT4-2005222ndvi,"2005,, 8/ 10",0.843328464,258.8701172,425.3798523,312.7745972,3679.968506,1671.58606,676.552124,LT4
9/11/2005,2005,9,11,254,2005.694521,LT4-2005-09-11,LT4-2005254ndvi,"2005,, 9/ 11",0.800908786,365.3370972,512.3932495,369.6475525,3343.701172,1565.705811,624.6043701,LT4
9/27/2005,2005,9,27,270,2005.738356,LT4-2005-09-27,LT4-2005270ndvi,"2005,, 9/ 27",0.829084306,209.4988098,363.2313232,264.5953674,2831.61377,1395.509644,545.5758057,LT4
10/13/2005,2005,10,13,286,2005.782192,LT4-2005-10-13,LT4-2005286ndvi,"2005,, 10/ 13",0.613887961,736.5164795,877.322876,753.0194702,3147.503662,1671.381226,808.5644531,LT4
10/29/2005,2005,10,29,302,2005.826027,LT4-2005-10-29,LT4-2005302ndvi,"2005,, 10/ 29",0.652078667,371.2535095,531.1850586,503.6224365,2391.413818,1491.654663,658.4937744,LT4
11/14/2005,2005,11,14,318,2005.869863,LT4-2005-11-14,LT4-2005318ndvi,"2005,, 11/ 14",0.483686596,367.6063843,486.1373901,599.1777344,1721.806885,1955.913818,1065.196289,LT4
2/2/2006,2006,2,2,33,2006.089041,LT4-2006-02-02,LT4-2006033ndvi,"2006,, 2/  2",0.342301513,585.1676636,719.9260864,795.4738159,1623.488159,2022.731689,1207.38208,LT4
4/7/2006,2006,4,7,97,2006.264384,LT4-2006-04-07,LT4-2006097ndvi,"2006,, 4/  7",0.385493081,696.0614014,803.8616943,904.0247803,2038.252197,1988.392212,1100.563599,LT4
4/23/2006,2006,4,23,113,2006.308219,LT4-2006-04-23,LT4-2006113ndvi,"2006,, 4/ 23",0.595608618,455.4925537,664.0212402,656.4247437,2590.057617,2176.549805,1177.316406,LT4
5/9/2006,2006,5,9,129,2006.352055,LT4-2006-05-09,LT4-2006129ndvi,"2006,, 5/  9",0.733814463,376.7234192,650.8478394,521.9390259,3399.679199,2029.192261,938.1975708,LT4
8/13/2006,2006,8,13,225,2006.615068,LT4-2006-08-13,LT4-2006225ndvi,"2006,, 8/ 13",0.86140122,237.0502625,386.8353271,273.0683594,3667.34668,1601.462036,595.7999268,LT4
11/1/2006,2006,11,1,305,2006.834247,LT4-2006-11-01,LT4-2006305ndvi,"2006,, 11/  1",0.471062055,491.8869629,613.6710815,669.6203613,1862.322632,1659.512939,879.423645,LT4
1/4/2007,2007,1,4,4,2007.009589,LT4-2007-01-04,LT4-2007004ndvi,"2007,, 1/  4",0.368765109,477.4893799,572.4085083,672.0292358,1457.223267,1748.333008,1018.340942,LT4
3/9/2007,2007,3,9,68,2007.184932,LT4-2007-03-09,LT4-2007068ndvi,"2007,, 3/  9",0.303845724,618.7939453,770.0151367,909.9499512,1704.269287,1878.634033,1141.542847,LT4
3/25/2007,2007,3,25,84,2007.228767,LT4-2007-03-25,LT4-2007084ndvi,"2007,, 3/ 25",0.37427636,605.0865479,774.2494507,862.9110718,1895.210938,1965.616211,1167.126831,LT4
5/12/2007,2007,5,12,132,2007.360274,LT4-2007-05-12,LT4-2007132ndvi,"2007,, 5/ 12",0.709189843,447.773468,742.9752197,570.7327271,3354.389648,1937.782837,919.6748657,LT4
5/28/2007,2007,5,28,148,2007.40411,LT4-2007-05-28,LT4-2007148ndvi,"2007,, 5/ 28",0.834114986,318.849762,572.4144287,372.1446533,4114.633789,1664.970093,658.5317993,LT4
6/13/2007,2007,6,13,164,2007.447945,LT4-2007-06-13,LT4-2007164ndvi,"2007,, 6/ 13",0.714610746,769.2748413,1009.525024,806.2541504,4843.952637,2073.300293,946.1139526,LT4
7/15/2007,2007,7,15,196,2007.535616,LT4-2007-07-15,LT4-2007196ndvi,"2007,, 7/ 15",0.767364865,463.1216431,641.7914429,506.343811,3846.771729,1864.217041,847.8892212,LT4
7/31/2007,2007,7,31,212,2007.579452,LT4-2007-07-31,LT4-2007212ndvi,"2007,, 7/ 31",0.85947166,227.3168488,402.3732605,279.8737488,3703.290771,1609.933228,625.539978,LT4
8/16/2007,2007,8,16,228,2007.623288,LT4-2007-08-16,LT4-2007228ndvi,"2007,, 8/ 16",0.661082756,1044.576538,1155.128784,852.8740845,4180.060059,1762.975464,673.2435913,LT4
9/1/2007,2007,9,1,244,2007.667123,LT4-2007-09-01,LT4-2007244ndvi,"2007,, 9/  1",0.844537481,206.6166229,363.4994812,260.9655457,3096.313721,1462.095825,560.2940063,LT4
9/17/2007,2007,9,17,260,2007.710959,LT4-2007-09-17,LT4-2007260ndvi,"2007,, 9/ 17",0.837072128,205.067215,355.3886108,258.4432983,2914.043945,1399.360474,538.6760864,LT4
5/30/2008,2008,5,30,151,2008.412329,LT4-2008-05-30,LT4-2008151ndvi,"2008,, 5/ 30",0.818070233,276.8274841,562.4120483,380.2098389,3799.533203,1727.27771,704.1554565,LT4
6/15/2008,2008,6,15,167,2008.456164,LT4-2008-06-15,LT4-2008167ndvi,"2008,, 6/ 15",0.868691837,221.3408356,449.118042,276.937439,3941.192383,1609.881836,597.178894,LT4
7/1/2008,2008,7,1,183,2008.5,LT4-2008-07-01,LT4-2008183ndvi,"2008,, 7/  1",0.863128824,211.4819794,423.947113,275.8778687,3755.326904,1547.416382,585.3262939,LT4
7/17/2008,2008,7,17,199,2008.543836,LT4-2008-07-17,LT4-2008199ndvi,"2008,, 7/ 17",0.81811533,357.7203369,531.819397,369.0916748,3689.432617,1614.975098,621.8076782,LT4
8/18/2008,2008,8,18,231,2008.631507,LT4-2008-08-18,LT4-2008231ndvi,"2008,, 8/ 18",0.826439909,245.9092407,401.3320923,307.5239258,3236.193115,1559.498291,620.3427734,LT4
9/3/2008,2008,9,3,247,2008.675342,LT4-2008-09-03,LT4-2008247ndvi,"2008,, 9/  3",0.800960877,252.6762238,404.2578125,323.0316162,2922.87915,1509.148804,621.4827881,LT4
9/19/2008,2008,9,19,263,2008.719178,LT4-2008-09-19,LT4-2008263ndvi,"2008,, 9/ 19",0.727120106,307.6800842,469.7184143,408.8372498,2587.625732,1541.263306,712.3924561,LT4
10/5/2008,2008,10,5,279,2008.763014,LT4-2008-10-05,LT4-2008279ndvi,"2008,, 10/  5",0.728283774,271.6392517,419.0195618,358.4118042,2279.721436,1438.216919,644.6604004,LT4
5/17/2009,2009,5,17,137,2009.373973,LT4-2009-05-17,LT4-2009137ndvi,"2009,, 5/ 17",0.790361887,308.9035645,587.0861816,411.119751,3511.06543,1734.661499,757.4064331,LT4
8/21/2009,2009,8,21,233,2009.636986,LT4-2009-08-21,LT4-2009233ndvi,"2009,, 8/ 21",0.821362105,417.3159485,545.3845825,379.5574036,3869.903809,1580.878662,560.8936768,LT4
12/11/2009,2009,12,11,345,2009.943836,LT4-2009-12-11,LT4-2009345ndvi,"2009,, 12/ 11",0.353645019,611.6012573,693.3480835,942.7721558,1974.424072,2234.379639,1370.740479,LT4
3/17/2010,2010,3,17,76,2010.206849,LT4-2010-03-17,LT4-2010076ndvi,"2010,, 3/ 17",0.345506025,483.296936,642.088623,836.0725708,1718.794556,2492.453125,1624.227417,LT4
5/20/2010,2010,5,20,140,2010.382192,LT4-2010-05-20,LT4-2010140ndvi,"2010,, 5/ 20",0.822592584,321.6493835,535.9754639,379.0400391,3894.0625,1644.654419,706.8986816,LT4
6/21/2010,2010,6,21,172,2010.469863,LT4-2010-06-21,LT4-2010172ndvi,"2010,, 6/ 21",0.785208356,481.6615295,629.3327026,503.8013611,4187.269043,1887.700073,840.0491943,LT4
8/8/2010,2010,8,8,220,2010.60137,LT4-2010-08-08,LT4-2010220ndvi,"2010,, 8/  8",0.833810549,258.9364319,403.6576843,298.9158325,3298.374268,1604.101196,625.4290771,LT4
9/25/2010,2010,9,25,268,2010.732877,LT4-2010-09-25,LT4-2010268ndvi,"2010,, 9/ 25",0.754973257,282.0220642,408.5974121,385.2643127,2759.407227,1802.476807,753.1209106,LT4
11/12/2010,2010,11,12,316,2010.864384,LT4-2010-11-12,LT4-2010316ndvi,"2010,, 11/ 12",0.472395426,298.5065308,401.549408,549.1858521,1532.622681,2010.522339,1096.562866,LT4
11/28/2010,2010,11,28,332,2010.908219,LT4-2010-11-28,LT4-2010332ndvi,"2010,, 11/ 28",0.423120538,345.5818176,426.2400818,592.1776123,1460.859985,1959.17749,1118.137573,LT4
3/20/2011,2011,3,20,79,2011.215068,LT4-2011-03-20,LT4-2011079ndvi,"2011,, 3/ 20",0.301635602,697.1254272,802.5041504,1004.638916,1872.480591,2415.914307,1559.658325,LT4
6/8/2011,2011,6,8,159,2011.434247,LT4-2011-06-08,LT4-2011159ndvi,"2011,, 6/  8",0.837647028,291.6013794,534.5236816,350.5614624,3967.948486,1781.226318,688.187561,LT4
7/10/2011,2011,7,10,191,2011.521918,LT4-2011-07-10,LT4-2011191ndvi,"2011,, 7/ 10",0.873882418,209.2532654,389.1514893,263.6929321,3918.006836,1724.437622,650.5887451,LT4
7/26/2011,2011,7,26,207,2011.565753,LT4-2011-07-26,LT4-2011207ndvi,"2011,, 7/ 26",0.856480669,287.9232483,435.5552063,307.265564,3974.604492,1758.218262,641.8531494,LT4
8/11/2011,2011,8,11,223,2011.609589,LT4-2011-08-11,LT4-2011223ndvi,"2011,, 8/ 11",0.860631763,285.7112427,392.7165833,287.5764771,3839.281738,1712.194824,641.4110107,LT4
9/12/2011,2011,9,12,255,2011.69726,LT4-2011-09-12,LT4-2011255ndvi,"2011,, 9/ 12",0.801450662,304.5831909,394.784729,311.2302856,2823.812012,1479.227539,589.6619873,LT4
9/28/2011,2011,9,28,271,2011.741096,LT4-2011-09-28,LT4-2011271ndvi,"2011,, 9/ 28",0.739683092,325.6673584,434.5146179,384.6624451,2570.677246,1552.03125,671.8764038,LT4
7/17/1999,1999,7,17,198,1999.541096,LE7-1999-07-17,LE7-1999198ndvi,"1999,, 7/ 17",0.816445345,395.1915283,544.3690186,382.169342,3781.923828,1874.604492,763.9533691,LE7
9/3/1999,1999,9,3,246,1999.672603,LE7-1999-09-03,LE7-1999246ndvi,"1999,, 9/  3",0.839253831,193.2627106,365.2688599,256.8190613,2938.517578,1617.759521,669.5123291,LE7
9/19/1999,1999,9,19,262,1999.716438,LE7-1999-09-19,LE7-1999262ndvi,"1999,, 9/ 19",0.659625795,411.5917358,589.0409546,544.1569214,2653.24707,1722.752441,914.0333252,LE7
10/21/1999,1999,10,21,294,1999.80411,LE7-1999-10-21,LE7-1999294ndvi,"1999,, 10/ 21",0.549337259,329.5858154,467.0932617,588.7428589,2024.044067,1737.361084,888.8447876,LE7
11/6/1999,1999,11,6,310,1999.847945,LE7-1999-11-06,LE7-1999310ndvi,"1999,, 11/  6",0.420807373,526.4291992,593.5647583,718.392334,1762.275757,2014.53833,1140.900513,LE7
11/22/1999,1999,11,22,326,1999.891781,LE7-1999-11-22,LE7-1999326ndvi,"1999,, 11/ 22",0.406141443,527.5159912,582.2217407,718.3345947,1700.876465,1943.30127,1090.393433,LE7
12/8/1999,1999,12,8,342,1999.935616,LE7-1999-12-08,LE7-1999342ndvi,"1999,, 12/  8",0.457476881,313.655304,406.8694458,538.8186035,1447.52478,1566.703735,913.1916504,LE7
12/24/1999,1999,12,24,358,1999.979452,LE7-1999-12-24,LE7-1999358ndvi,"1999,, 12/ 24",0.410634366,589.3206177,679.9459229,880.7555542,2108.070068,2508.065186,1537.665894,LE7
4/14/2000,2000,4,14,105,2000.286301,LE7-2000-04-14,LE7-2000105ndvi,"2000,, 4/ 14",0.483956481,443.1941223,616.8782959,739.5132446,2126.575439,2377.446777,1440.13147,LE7
4/30/2000,2000,4,30,121,2000.330137,LE7-2000-04-30,LE7-2000121ndvi,"2000,, 4/ 30",0.630817987,367.822937,601.2354126,607.6865845,2684.383789,2215.58667,1221.543335,LE7
5/16/2000,2000,5,16,137,2000.373973,LE7-2000-05-16,LE7-2000137ndvi,"2000,, 5/ 16",0.724998688,495.6676941,760.7388916,585.132019,3670.353271,1816.632813,905.2266846,LE7
8/20/2000,2000,8,20,233,2000.636986,LE7-2000-08-20,LE7-2000233ndvi,"2000,, 8/ 20",0.885762783,196.9645233,353.9074402,212.006134,3499.67627,1598.359863,617.3583374,LE7
9/5/2000,2000,9,5,249,2000.680822,LE7-2000-09-05,LE7-2000249ndvi,"2000,, 9/  5",0.869049226,159.2875061,332.3804016,215.1666107,3071.054688,1495.448242,607.2811279,LE7
10/7/2000,2000,10,7,281,2000.768493,LE7-2000-10-07,LE7-2000281ndvi,"2000,, 10/  7",0.735345488,439.2853394,523.6062012,433.7332153,2843.998291,1530.923096,646.9926147,LE7
10/23/2000,2000,10,23,297,2000.812329,LE7-2000-10-23,LE7-2000297ndvi,"2000,, 10/ 23",0.48591919,506.3713074,622.5667114,724.3386841,2093.656738,1795.148926,935.6098022,LE7
11/24/2000,2000,11,24,329,2000.9,LE7-2000-11-24,LE7-2000329ndvi,"2000,, 11/ 24",0.371467938,698.2843018,766.4892578,907.9469604,1981.156128,1762.46936,1045.208252,LE7
12/26/2000,2000,12,26,361,2000.987671,LE7-2000-12-26,LE7-2000361ndvi,"2000,, 12/ 26",0.157469939,1432.482544,1333.758789,1314.735352,1806.186768,1132.054443,740.1556396,LE7
1/11/2001,2001,1,11,11,2001.028767,LE7-2001-01-11,LE7-2001011ndvi,"2001,, 1/ 11",0.136825347,1602.216064,1405.738647,1413.210205,1861.237671,1270.589355,782.5481567,LE7
2/12/2001,2001,2,12,43,2001.116438,LE7-2001-02-12,LE7-2001043ndvi,"2001,, 2/ 12",0.358278211,543.9993286,639.3370972,797.0202637,1686.985352,2164.588135,1341.755493,LE7
5/3/2001,2001,5,3,123,2001.335616,LE7-2001-05-03,LE7-2001123ndvi,"2001,, 5/  3",0.734549401,431.0643616,659.0548096,511.388031,3341.592773,2067.498047,963.2399902,LE7
6/4/2001,2001,6,4,155,2001.423288,LE7-2001-06-04,LE7-2001155ndvi,"2001,, 6/  4",0.745544089,658.8475342,913.6838989,700.2868652,4803.90332,1937.759766,964.3193359,LE7
6/20/2001,2001,6,20,171,2001.467123,LE7-2001-06-20,LE7-2001171ndvi,"2001,, 6/ 20",0.867257337,323.8040466,521.7628784,322.4753723,4536.179199,1896.124023,734.6209717,LE7
7/6/2001,2001,7,6,187,2001.510959,LE7-2001-07-06,LE7-2001187ndvi,"2001,, 7/  6",0.891563328,166.5913849,378.1378479,227.8502197,3974.606689,1663.775024,658.5365601,LE7
7/22/2001,2001,7,22,203,2001.554795,LE7-2001-07-22,LE7-2001203ndvi,"2001,, 7/ 22",0.823126013,459.3329773,611.2230225,403.4841309,4158.906738,1802.752808,697.4343262,LE7
8/7/2001,2001,8,7,219,2001.59863,LE7-2001-08-07,LE7-2001219ndvi,"2001,, 8/  7",0.88433842,197.3677979,356.6591492,218.514267,3559.996582,1623.106079,631.9335938,LE7
9/8/2001,2001,9,8,251,2001.686301,LE7-2001-09-08,LE7-2001251ndvi,"2001,, 9/  8",0.791300945,394.7941589,510.0715332,362.8586426,3114.47998,1559.85437,614.5926514,LE7
11/11/2001,2001,11,11,315,2001.861644,LE7-2001-11-11,LE7-2001315ndvi,"2001,, 11/ 11",0.497379681,392.0585632,482.4923096,601.6127319,1792.292603,2000.605469,1139.761963,LE7
5/22/2002,2002,5,22,142,2002.387671,LE7-2002-05-22,LE7-2002142ndvi,"2002,, 5/ 22",0.813761361,277.8187256,549.0171509,353.127594,3439.077881,1704.139526,777.9519043,LE7
6/23/2002,2002,6,23,174,2002.475342,LE7-2002-06-23,LE7-2002174ndvi,"2002,, 6/ 23",0.865849417,274.414978,485.9447327,299.4286499,4164.63916,1745.636841,692.7315063,LE7
8/10/2002,2002,8,10,222,2002.606849,LE7-2002-08-10,LE7-2002222ndvi,"2002,, 8/ 10",0.824176851,258.5102844,404.7252502,314.7360535,3265.407471,1656.734009,715.1603394,LE7
4/23/2003,2003,4,23,113,2003.308219,LE7-2003-04-23,LE7-2003113ndvi,"2003,, 4/ 23",0.629511895,400.7701721,607.4425049,600.6107178,2641.656494,2091.88623,1144.858398,LE7
8/13/2003,2003,8,13,225,2003.615068,LE7-2003-08-13,LE7-2003225ndvi,"2003,, 8/ 13",0.870636614,301.7338867,441.61026,254.2944336,3677.180176,1599.660767,583.1107788,LE7
9/30/2003,2003,9,30,273,2003.746575,LE7-2003-09-30,LE7-2003273ndvi,"2003,, 9/ 30",0.840371483,190.4564972,330.0750732,229.3502808,2644.199951,1355.004639,548.5935669,LE7
1/20/2004,2004,1,20,20,2004.053425,LE7-2004-01-20,LE7-2004020ndvi,"2004,, 1/ 20",0.095945209,987.7671509,766.8969727,604.5038452,732.8129883,261.7709961,138.9580078,LE7
4/9/2004,2004,4,9,100,2004.272603,LE7-2004-04-09,LE7-2004100ndvi,"2004,, 4/  9",0.446076502,409.6129761,562.867981,709.624939,1852.551758,2118.150635,1317.091309,LE7
5/11/2004,2004,5,11,132,2004.360274,LE7-2004-05-11,LE7-2004132ndvi,"2004,, 5/ 11",0.789016835,409.4085083,649.3444824,419.6166382,3558.109619,1754.277588,762.1586304,LE7
11/3/2004,2004,11,3,308,2004.842466,LE7-2004-11-03,LE7-2004308ndvi,"2004,, 11/  3",0.492081973,431.9416504,518.9509888,587.7457275,1726.58728,1808.473877,1032.991333,LE7
12/5/2004,2004,12,5,340,2004.930137,LE7-2004-12-05,LE7-2004340ndvi,"2004,, 12/  5",0.434279165,523.9086914,574.3978271,623.18927,1579.979614,1792.223022,1043.626831,LE7
4/12/2005,2005,4,12,102,2005.278082,LE7-2005-04-12,LE7-2005102ndvi,"2005,, 4/ 12",0.376324095,745.0139771,901.6325684,1002.043335,2211.302979,2251.157959,1491.578125,LE7
8/2/2005,2005,8,2,214,2005.584932,LE7-2005-08-02,LE7-2005214ndvi,"2005,, 8/  2",0.847571295,300.480957,444.0602722,314.4438782,3811.339111,1811.0979,710.4458008,LE7
8/18/2005,2005,8,18,230,2005.628767,LE7-2005-08-18,LE7-2005230ndvi,"2005,, 8/ 18",0.84940626,264.0586853,398.921875,279.5058594,3432.545654,1597.989868,621.7801514,LE7
10/21/2005,2005,10,21,294,2005.80411,LE7-2005-10-21,LE7-2005294ndvi,"2005,, 10/ 21",0.341895878,1562.665405,1625.268311,1606.165771,3275.024658,2636.657959,1815.046631,LE7
12/24/2005,2005,12,24,358,2005.979452,LE7-2005-12-24,LE7-2005358ndvi,"2005,, 12/ 24",0.189077169,1184,1147,1257.857178,1844.428589,1240.285767,727.8571167,LE7
3/30/2006,2006,3,30,89,2006.242466,LE7-2006-03-30,LE7-2006089ndvi,"2006,, 3/ 30",0.395813249,481.5704651,625.0296631,802.4821777,1853.922241,2418.457764,1529.137939,LE7
6/18/2006,2006,6,18,169,2006.461644,LE7-2006-06-18,LE7-2006169ndvi,"2006,, 6/ 18",0.757554923,786.1513672,952.0474243,687.0328369,4980.500977,2122.664063,981.0799561,LE7
8/5/2006,2006,8,5,217,2006.593151,LE7-2006-08-05,LE7-2006217ndvi,"2006,, 8/  5",0.896644183,194.6244812,360.2921753,199.8648987,3667.646484,1542.50061,558.3082886,LE7
8/21/2006,2006,8,21,233,2006.636986,LE7-2006-08-21,LE7-2006233ndvi,"2006,, 8/ 21",0.906554596,161.5488434,324.5081177,178.038208,3632.490723,1550.456055,562.8890991,LE7
9/6/2006,2006,9,6,249,2006.680822,LE7-2006-09-06,LE7-2006249ndvi,"2006,, 9/  6",0.491812224,1534.139648,1524.666382,1249.695435,3668.547363,1638.119019,616.2335815,LE7
10/8/2006,2006,10,8,281,2006.768493,LE7-2006-10-08,LE7-2006281ndvi,"2006,, 10/  8",0.776070467,258.9192505,383.9451904,314.6304932,2495.454346,1392.580078,551.0316162,LE7
11/9/2006,2006,11,9,313,2006.856164,LE7-2006-11-09,LE7-2006313ndvi,"2006,, 11/  9",0.50651424,356.6488037,453.6966858,550.5745239,1680.794922,1829.02771,1019.557617,LE7
11/25/2006,2006,11,25,329,2006.9,LE7-2006-11-25,LE7-2006329ndvi,"2006,, 11/ 25",0.438990283,427.8646545,516.7163696,612.1592407,1570.188843,1877.880737,1124.921265,LE7
4/2/2007,2007,4,2,92,2007.250685,LE7-2007-04-02,LE7-2007092ndvi,"2007,, 4/  2",0.47207351,390.9836121,529.0742798,660.6223145,1842.083374,2235.770996,1356.762939,LE7
5/4/2007,2007,5,4,124,2007.338356,LE7-2007-05-04,LE7-2007124ndvi,"2007,, 5/  4",0.638433049,352.3733521,583.1935425,549.7960815,2491.389404,2058.248535,1114.92395,LE7
6/21/2007,2007,6,21,172,2007.469863,LE7-2007-06-21,LE7-2007172ndvi,"2007,, 6/ 21",0.862140628,238.7627716,435.4187317,296.5406494,4005.533936,1712.613892,696.9005127,LE7
7/7/2007,2007,7,7,188,2007.513699,LE7-2007-07-07,LE7-2007188ndvi,"2007,, 7/  7",0.877110901,248.9007111,414.7426453,270.7370605,4135.464355,1761.18103,700.2555542,LE7
8/8/2007,2007,8,8,220,2007.60137,LE7-2007-08-08,LE7-2007220ndvi,"2007,, 8/  8",0.843959453,459.6253967,560.7453613,351.8726196,4158.142578,1769.153442,620.3031006,LE7
8/24/2007,2007,8,24,236,2007.645205,LE7-2007-08-24,LE7-2007236ndvi,"2007,, 8/ 24",0.835778266,349.855896,460.7459412,302.0755005,3376.798096,1551.434204,577.4463501,LE7
11/28/2007,2007,11,28,332,2007.908219,LE7-2007-11-28,LE7-2007332ndvi,"2007,, 11/ 28",0.486653668,326.2564392,414.0739136,510.5786438,1478.638428,1663.006226,971.4758301,LE7
5/6/2008,2008,5,6,127,2008.346575,LE7-2008-05-06,LE7-2008127ndvi,"2008,, 5/  6",0.70688677,389.1798096,646.9161987,513.5230103,2990.399414,1918.421265,959.4738159,LE7
6/23/2008,2008,6,23,175,2008.478082,LE7-2008-06-23,LE7-2008175ndvi,"2008,, 6/ 23",0.897733793,194.3104706,401.4060059,213.1904907,3956.133789,1564.753418,594.8997192,LE7
7/25/2008,2008,7,25,207,2008.565753,LE7-2008-07-25,LE7-2008207ndvi,"2008,, 7/ 25",0.881250787,204.471405,369.3202515,233.968277,3706.576172,1635.547363,622.5046997,LE7
8/26/2008,2008,8,26,239,2008.653425,LE7-2008-08-26,LE7-2008239ndvi,"2008,, 8/ 26",0.838395768,221.1700287,380.9318848,280.0284424,3185.579346,1586.452271,655.4917603,LE7
9/11/2008,2008,9,11,255,2008.69726,LE7-2008-09-11,LE7-2008255ndvi,"2008,, 9/ 11",0.820810506,246.5346222,371.5387268,277.9587097,2824.440918,1442.05481,579.7270508,LE7
11/14/2008,2008,11,14,319,2008.872603,LE7-2008-11-14,LE7-2008319ndvi,"2008,, 11/ 14",0.483731208,432.6998901,485.2006226,572.8052979,1646.214355,1753.839478,957.6192627,LE7
1/1/2009,2009,1,1,1,2009.00137,LE7-2009-01-01,LE7-2009001ndvi,"2009,, 1/  1",0.249437771,871.2667236,934.9046631,908.4154663,1512.211182,1170.617432,752.9012451,LE7
3/22/2009,2009,3,22,81,2009.220548,LE7-2009-03-22,LE7-2009081ndvi,"2009,, 3/ 22",0.288394237,865.8362427,974.6088867,1164.869751,2109.049072,2616.701904,1761.317017,LE7
4/23/2009,2009,4,23,113,2009.308219,LE7-2009-04-23,LE7-2009113ndvi,"2009,, 4/ 23",0.487741895,444.7749329,600.0604858,715.3439941,2077.560547,2168.234131,1307.684082,LE7
5/25/2009,2009,5,25,145,2009.39589,LE7-2009-05-25,LE7-2009145ndvi,"2009,, 5/ 25",0.797569959,459.6534729,692.0084229,462.9315491,4110.812012,1770.076294,770.4072266,LE7
7/12/2009,2009,7,12,193,2009.527397,LE7-2009-07-12,LE7-2009193ndvi,"2009,, 7/ 12",0.893355261,215.5701141,393.8261108,232.6149139,4129.811523,1729.252563,663.871582,LE7
7/28/2009,2009,7,28,209,2009.571233,LE7-2009-07-28,LE7-2009209ndvi,"2009,, 7/ 28",0.829253751,468.7980347,611.9105835,421.1919861,4512.351074,1919.519165,764.6764526,LE7
8/13/2009,2009,8,13,225,2009.615068,LE7-2009-08-13,LE7-2009225ndvi,"2009,, 8/ 13",0.884709101,234.7054443,386.637207,217.4885712,3555.377686,1527.395142,566.7623291,LE7
9/14/2009,2009,9,14,257,2009.70274,LE7-2009-09-14,LE7-2009257ndvi,"2009,, 9/ 14",0.838016242,319.5744324,443.3312988,291.868866,3311.811768,1507.563965,554.192627,LE7
11/1/2009,2009,11,1,305,2009.834247,LE7-2009-11-01,LE7-2009305ndvi,"2009,, 11/  1",0.499299382,389.2684021,463.0137634,570.8328247,1709.303467,1726.038208,931.7932739,LE7
4/10/2010,2010,4,10,100,2010.272603,LE7-2010-04-10,LE7-2010100ndvi,"2010,, 4/ 10",0.549417639,386.0882568,564.0129395,654.9886475,2252.30957,2253.185303,1312.677979,LE7
7/31/2010,2010,7,31,212,2010.579452,LE7-2010-07-31,LE7-2010212ndvi,"2010,, 7/ 31",0.774675972,473,621,565,4450,2129,951,LE7
9/1/2010,2010,9,1,244,2010.667123,LE7-2010-09-01,LE7-2010244ndvi,"2010,, 9/  1",0.826432726,244.6141205,374.6510925,277.5587463,2920.725586,1607.297607,643.0626831,LE7
3/12/2011,2011,3,12,71,2011.193151,LE7-2011-03-12,LE7-2011071ndvi,"2011,, 3/ 12",0.199170881,1234.07959,1279.413452,1443.27771,2161.180908,1155.084229,711.8346558,LE7
5/31/2011,2011,5,31,151,2011.412329,LE7-2011-05-31,LE7-2011151ndvi,"2011,, 5/ 31",0.863379558,261.3597107,508.3917847,296.5647583,4044.875732,1802.595825,726.3657227,LE7
8/19/2011,2011,8,19,231,2011.631507,LE7-2011-08-19,LE7-2011231ndvi,"2011,, 8/ 19",0.828104736,441.7763062,550.2120972,344.6176453,3665.005859,1661.312378,607.6882935,LE7
10/6/2011,2011,10,6,279,2011.763014,LE7-2011-10-06,LE7-2011279ndvi,"2011,, 10/  6",0.761226012,257.2523499,383.0441284,303.9463196,2241.945068,1461.297852,644.1534424,LE7
10/22/2011,2011,10,22,295,2011.806849,LE7-2011-10-22,LE7-2011295ndvi,"2011,, 10/ 22",0.58721302,456,483.1959839,418.9732666,1611,1476.347412,795.7238159,LE7
11/7/2011,2011,11,7,311,2011.850685,LE7-2011-11-07,LE7-2011311ndvi,"2011,, 11/  7",0.477167256,408.4469604,480.2375793,556.1210327,1571.217163,1883.967407,1060.770996,LE7
12/9/2011,2011,12,9,343,2011.938356,LE7-2011-12-09,LE7-2011343ndvi,"2011,, 12/  9",0.214209747,1340.317993,1385.435181,1414.368164,2185.493652,1763.523071,1322.531372,LE7
12/25/2011,2011,12,25,359,2011.982192,LE7-2011-12-25,LE7-2011359ndvi,"2011,, 12/ 25",0.405458817,404.4840088,454.7854004,543.0426636,1283.719482,1530.509399,928.361084,LE7
1/10/2012,2012,1,10,10,2012.026027,LE7-2012-01-10,LE7-2012010ndvi,"2012,, 1/ 10",0.406799939,412.0176392,505.7295532,567.0244751,1344.723389,1736.291992,1071.410034,LE7
2/27/2012,2012,2,27,58,2012.157534,LE7-2012-02-27,LE7-2012058ndvi,"2012,, 2/ 27",0.357735242,499.9330139,582.2630615,719.963623,1521.989136,2026.29895,1289.543823,LE7
3/14/2012,2012,3,14,74,2012.20137,LE7-2012-03-14,LE7-2012074ndvi,"2012,, 3/ 14",0.3895495,473.1635437,589.0196533,715.6276855,1628.96106,2199.807373,1381.125732,LE7
3/30/2012,2012,3,30,90,2012.245205,LE7-2012-03-30,LE7-2012090ndvi,"2012,, 3/ 30",0.562706856,404.9489441,576.0001221,591.1307983,2112.459717,2111.92334,1220.402588,LE7
5/17/2012,2012,5,17,138,2012.376712,LE7-2012-05-17,LE7-2012138ndvi,"2012,, 5/ 17",0.865428985,218.2506561,485.3030701,281.1928711,3897.907227,1601.936768,672.3913574,LE7
7/4/2012,2012,7,4,186,2012.508219,LE7-2012-07-04,LE7-2012186ndvi,"2012,, 7/  4",0.846293091,258.6210632,431.9480286,312.2340393,3750.485596,1772.712158,710.4709473,LE7
8/21/2012,2012,8,21,234,2012.639726,LE7-2012-08-21,LE7-2012234ndvi,"2012,, 8/ 21",0.826369729,282.2915955,422.4752502,297.8336182,3132.831055,1566.777832,650.4810791,LE7
9/6/2012,2012,9,6,250,2012.683562,LE7-2012-09-06,LE7-2012250ndvi,"2012,, 9/  6",0.831225702,223.4075928,380.0418396,266.2960205,2889.350586,1561.561035,639.4465942,LE7
11/9/2012,2012,11,9,314,2012.858904,LE7-2012-11-09,LE7-2012314ndvi,"2012,, 11/  9",0.248858871,567.6183472,794.4571533,1011.672119,1682.021729,2037.450562,1306.964844,LE7
6/5/2013,2013,6,5,156,2013.426027,LE7-2013-06-05,LE7-2013156ndvi,"2013,, 6/  5",0.275340981,1290.505249,1682.899048,1852.946167,3261.034668,3189.044189,2347.494385,LE7
6/21/2013,2013,6,21,172,2013.469863,LE7-2013-06-21,LE7-2013172ndvi,"2013,, 6/ 21",0.310614592,1163.011475,1542.801636,1696.772095,3225.79248,3082.046631,2191.923584,LE7
8/24/2013,2013,8,24,236,2013.645205,LE7-2013-08-24,LE7-2013236ndvi,"2013,, 8/ 24",0.355388225,947.2611084,1298.555054,1382.952637,2907.855225,2503.509033,1707.145996,LE7
10/27/2013,2013,10,27,300,2013.820548,LE7-2013-10-27,LE7-2013300ndvi,"2013,, 10/ 27",0.482049325,605.2404785,874.8981323,949.4002686,2716.586914,2618.32666,1541.654907,LE7
4/21/2014,2014,4,21,111,2014.30274,LE7-2014-04-21,LE7-2014111ndvi,"2014,, 4/ 21",0.176331345,1269.627686,1629.948242,1903.418579,2718.387939,3349.439453,2629.30249,LE7
7/10/2014,2014,7,10,191,2014.521918,LE7-2014-07-10,LE7-2014191ndvi,"2014,, 7/ 10",0.443281115,1228.93042,1539.627197,1583.731689,4105.788574,3189.542236,2109.286377,LE7
7/26/2014,2014,7,26,207,2014.565753,LE7-2014-07-26,LE7-2014207ndvi,"2014,, 7/ 26",0.396918317,1105.471313,1491.011353,1544.787842,3578.192627,2967.909912,2019.342163,LE7
8/27/2014,2014,8,27,239,2014.653425,LE7-2014-08-27,LE7-2014239ndvi,"2014,, 8/ 27",0.479209102,1071.688232,1407.289795,1413.218994,4013.984131,3057.972656,1933.980469,LE7
11/15/2014,2014,11,15,319,2014.872603,LE7-2014-11-15,LE7-2014319ndvi,"2014,, 11/ 15",0.250539057,1010.871399,1238.529541,1423.520142,2375.263916,2693.407471,1931.884644,LE7
3/23/2015,2015,3,23,82,2015.223288,LE7-2015-03-23,LE7-2015082ndvi,"2015,, 3/ 23",0.13313922,916.2304077,1071.594849,1219.283813,1593.817993,1946.349609,1463.849365,LE7
7/29/2015,2015,7,29,210,2015.573973,LE7-2015-07-29,LE7-2015210ndvi,"2015,, 7/ 29",0.454979156,1067.200806,1385.58252,1406.951416,3755.975586,2706.459229,1695.542725,LE7
8/14/2015,2015,8,14,226,2015.617808,LE7-2015-08-14,LE7-2015226ndvi,"2015,, 8/ 14",0.371342675,996.1416016,1356.023193,1451.512207,3166.304688,2879.156982,1925.749634,LE7
9/15/2015,2015,9,15,258,2015.705479,LE7-2015-09-15,LE7-2015258ndvi,"2015,, 9/ 15",0.336171564,944.1459961,1272.703491,1348.14978,2713.591797,2638.964111,1774.533447,LE7
11/2/2015,2015,11,2,306,2015.836986,LE7-2015-11-02,LE7-2015306ndvi,"2015,, 11/  2",0.305567974,864.6535645,1133.632324,1261.843262,2372.330322,2479.319336,1599.399414,LE7
1/5/2016,2016,1,5,5,2016.012329,LE7-2016-01-05,LE7-2016005ndvi,"2016,, 1/  5",0.202073206,1104.507446,1336.990845,1526.432739,2299.564209,2399.034912,1778.796875,LE7
2/6/2016,2016,2,6,37,2016.1,LE7-2016-02-06,LE7-2016037ndvi,"2016,, 2/  6",0.194980428,968.5183716,1222.200439,1451.787842,2155.050781,2702.107666,1915.049316,LE7
2/22/2016,2016,2,22,53,2016.143836,LE7-2016-02-22,LE7-2016053ndvi,"2016,, 2/ 22",0.176621649,986.0014648,1222.540894,1457.843384,2083.282959,2539.891602,1808.602173,LE7
3/9/2016,2016,3,9,69,2016.187671,LE7-2016-03-09,LE7-2016069ndvi,"2016,, 3/  9",0.128661287,2510.106689,2660.671143,2847.324951,3688.193115,3839.870117,3097.341309,LE7
5/28/2016,2016,5,28,149,2016.406849,LE7-2016-05-28,LE7-2016149ndvi,"2016,, 5/ 28",0.414762191,1367.544556,1812.571167,1816.797729,4391.952637,3324.12915,2055.618652,LE7
6/13/2016,2016,6,13,165,2016.450685,LE7-2016-06-13,LE7-2016165ndvi,"2016,, 6/ 13",0.417943719,1015.422363,1309.317261,1409.64624,3434.030518,2846.889404,1944.709351,LE7
7/31/2016,2016,7,31,213,2016.582192,LE7-2016-07-31,LE7-2016213ndvi,"2016,, 7/ 31",0.405394507,1086.424194,1454.685791,1488.667725,3518.577393,2974.539795,1793.235596,LE7
10/19/2016,2016,10,19,293,2016.80137,LE7-2016-10-19,LE7-2016293ndvi,"2016,, 10/ 19",0.358623597,880.6070557,1157.317749,1207.006348,2556.793945,2394.263916,1520.634888,LE7
5/15/2017,2017,5,15,135,2017.368493,LE7-2017-05-15,LE7-2017135ndvi,"2017,, 5/ 15",0.395340327,1014.334106,1466.211304,1474.931274,3403.618896,2781.800293,1915.029297,LE7
5/31/2017,2017,5,31,151,2017.412329,LE7-2017-05-31,LE7-2017151ndvi,"2017,, 5/ 31",0.455342044,921.9755249,1325.546021,1323.344604,3536.015625,2675.871826,1769.643433,LE7
7/2/2017,2017,7,2,183,2017.5,LE7-2017-07-02,LE7-2017183ndvi,"2017,, 7/  2",0.470064337,987.7023926,1393.438599,1381.606445,3832.635742,2866.237793,1850.083984,LE7
7/18/2017,2017,7,18,199,2017.543836,LE7-2017-07-18,LE7-2017199ndvi,"2017,, 7/ 18",0.487275165,827.2466431,1205.09082,1218.216309,3533.713867,2769.937256,1770.294434,LE7
9/4/2017,2017,9,4,247,2017.675342,LE7-2017-09-04,LE7-2017247ndvi,"2017,, 9/  4",0.536153565,653.9657593,897.4332886,854.3500977,2829.412598,1954.42688,1131.516357,LE7
12/9/2017,2017,12,9,343,2017.938356,LE7-2017-12-09,LE7-2017343ndvi,"2017,, 12/  9",0.230924189,953.6953125,1207.151855,1407.619263,2252.928223,2643.799072,1850.951782,LE7
1/26/2018,2018,1,26,26,2018.069863,LE7-2018-01-26,LE7-2018026ndvi,"2018,, 1/ 26",0.397137803,369,454.3333435,559.333313,1296.259277,1598,996,LE7
2/27/2018,2018,2,27,58,2018.157534,LE7-2018-02-27,LE7-2018058ndvi,"2018,, 2/ 27",0.208020687,967.3667603,1254.646362,1467.059937,2237.733643,2852.907471,2026.822754,LE7
10/9/2018,2018,10,9,282,2018.771233,LE7-2018-10-09,LE7-2018282ndvi,"2018,, 10/  9",0.42187164,827.930603,1120.55249,1124.794067,2766.362793,2507.661621,1577.018677,LE7
4/3/2019,2019,4,3,93,2019.253425,LE7-2019-04-03,LE7-2019093ndvi,"2019,, 4/  3",0.213577538,1062.648804,1374.145142,1633.664795,2521.01001,3247.460693,2321.199707,LE7
6/22/2019,2019,6,22,173,2019.472603,LE7-2019-06-22,LE7-2019173ndvi,"2019,, 6/ 22",0.511776943,709.4714966,1044.16394,1034.744995,3204.075684,2284.540527,1442.693481,LE7
7/24/2019,2019,7,24,205,2019.560274,LE7-2019-07-24,LE7-2019205ndvi,"2019,, 7/ 24",0.523810295,930.8777466,1221.063721,1162.47998,3719.943848,2702.883789,1700.765137,LE7
8/25/2019,2019,8,25,237,2019.647945,LE7-2019-08-25,LE7-2019237ndvi,"2019,, 8/ 25",0.477113983,799.5779419,1110.684937,1129.813354,3191.638428,2563.359375,1649.52356,LE7
9/10/2019,2019,9,10,253,2019.691781,LE7-2019-09-10,LE7-2019253ndvi,"2019,, 9/ 10",0.473429966,835.5224609,1142.822266,1142.620239,3197.240234,2567.975342,1614.36145,LE7
10/12/2019,2019,10,12,285,2019.779452,LE7-2019-10-12,LE7-2019285ndvi,"2019,, 10/ 12",0.426345232,812.8661499,1059.839233,1075.019897,2672.948242,2346.680908,1501.665039,LE7
10/28/2019,2019,10,28,301,2019.823288,LE7-2019-10-28,LE7-2019301ndvi,"2019,, 10/ 28",0.394326787,637.5713501,863.6133423,946.6643677,2179.326172,2076.97168,1264.157227,LE7
2/17/2020,2020,2,17,48,2020.130137,LE7-2020-02-17,LE7-2020048ndvi,"2020,, 2/ 17",0.209640973,1011.106689,1215.94043,1387.709717,2123.883545,2043.320801,1326.90564,LE7
5/7/2020,2020,5,7,128,2020.349315,LE7-2020-05-07,LE7-2020128ndvi,"2020,, 5/  7",0.369266139,868.6845093,1181.310059,1260.882568,2737.261963,2676.481201,1817.861938,LE7
6/8/2020,2020,6,8,160,2020.436986,LE7-2020-06-08,LE7-2020160ndvi,"2020,, 6/  8",0.511673765,819.9984131,1183.866089,1141.875732,3534.816406,2639.434326,1747.292358,LE7
6/24/2020,2020,6,24,176,2020.480822,LE7-2020-06-24,LE7-2020176ndvi,"2020,, 6/ 24",0.568291437,788.149353,1126.122437,1048.225464,3807.946289,2503.816162,1489.155884,LE7
7/10/2020,2020,7,10,192,2020.524658,LE7-2020-07-10,LE7-2020192ndvi,"2020,, 7/ 10",0.527533565,733.1031494,1059.380615,1046.072754,3382.062988,2683.321289,1651.155518,LE7
7/26/2020,2020,7,26,208,2020.568493,LE7-2020-07-26,LE7-2020208ndvi,"2020,, 7/ 26",0.496367637,787.887085,1127.229614,1123.754517,3338.843994,2679.837646,1699.551392,LE7
8/11/2020,2020,8,11,224,2020.612329,LE7-2020-08-11,LE7-2020224ndvi,"2020,, 8/ 11",0.599292013,420.8205872,641.1142578,603.7047119,2409.485596,1570.076294,810.6357422,LE7
9/12/2020,2020,9,12,256,2020.7,LE7-2020-09-12,LE7-2020256ndvi,"2020,, 9/ 12",0.503355778,833.2251587,1101.7052,1067.710205,3231.988281,2522.405273,1464.734009,LE7
3/7/2021,2021,3,7,66,2021.179452,LE7-2021-03-07,LE7-2021066ndvi,"2021,, 3/  7",0.199718148,952.848938,1222.964355,1469.177979,2202.473389,3040.089355,2206.075928,LE7
5/10/2021,2021,5,10,130,2021.354795,LE7-2021-05-10,LE7-2021130ndvi,"2021,, 5/ 10",0.46771916,682.2841797,992.0356445,1012.231689,2791.142822,2213.680908,1333.3302,LE7
5/26/2021,2021,5,26,146,2021.39863,LE7-2021-05-26,LE7-2021146ndvi,"2021,, 5/ 26",0.52561686,779.9177246,1127.263428,1102.644775,3546.107178,2592.485352,1581.470215,LE7
6/27/2021,2021,6,27,178,2021.486301,LE7-2021-06-27,LE7-2021178ndvi,"2021,, 6/ 27",0.511305858,763.9049072,1100.303101,1105.748047,3419.569336,2718.715576,1711.379028,LE7
8/14/2021,2021,8,14,226,2021.617808,LE7-2021-08-14,LE7-2021226ndvi,"2021,, 8/ 14",0.558679498,751.8353882,1048.341187,973.8424683,3439.469238,2428.843506,1337.859009,LE7
10/1/2021,2021,10,1,274,2021.749315,LE7-2021-10-01,LE7-2021274ndvi,"2021,, 10/  1",0.445023523,768.8113403,1046.814941,1062.225586,2765.776611,2525.774658,1671.793823,LE7
4/5/2013,2013,4,5,95,2013.258904,LC8-2013-04-05,LC8-2013095ndvi,"2013,, 4/  5",0.151212936,1462.844116,1852.205811,2181.277588,2958.474609,3559.374512,2907.881592,LC8
4/26/2013,2013,4,26,116,2013.316438,LC8-2013-04-26,LC8-2013116ndvi,"2013,, 4/ 26",0.229845774,1188.563843,1535.054443,1734.123047,2769.190674,2918.657471,2165.096436,LC8
8/16/2013,2013,8,16,228,2013.623288,LC8-2013-08-16,LC8-2013228ndvi,"2013,, 8/ 16",0.337917853,1322.292603,1731.564453,1800.169434,3637.734131,3063.593018,2184.937988,LC8
9/17/2013,2013,9,17,260,2013.710959,LC8-2013-09-17,LC8-2013260ndvi,"2013,, 9/ 17",0.363846045,788.7966309,1141.491211,1208.081055,2589.996582,2252.62085,1570.98291,LC8
2/24/2014,2014,2,24,55,2014.149315,LC8-2014-02-24,LC8-2014055ndvi,"2014,, 2/ 24",0.16368485,1460.313721,1824.998169,2148.650635,2989.724854,2857.199951,2215.467529,LC8
4/13/2014,2014,4,13,103,2014.280822,LC8-2014-04-13,LC8-2014103ndvi,"2014,, 4/ 13",0.212030042,1040.5271,1374.152832,1565.411255,2407.865234,2630.12207,1929.191528,LC8
5/31/2014,2014,5,31,151,2014.412329,LC8-2014-05-31,LC8-2014151ndvi,"2014,, 5/ 31",0.432857956,814.9813843,1486.693848,1514.992065,3827.556885,2988.483643,2132.321777,LC8
7/2/2014,2014,7,2,183,2014.5,LC8-2014-07-02,LC8-2014183ndvi,"2014,, 7/  2",0.449996454,1041.797852,1410.331299,1378.370117,3633.852539,2679.811035,1680.299927,LC8
8/19/2014,2014,8,19,231,2014.631507,LC8-2014-08-19,LC8-2014231ndvi,"2014,, 8/ 19",0.419251731,974.9748535,1352.730591,1367.872192,3342.851074,2701.653076,1844.409058,LC8
9/4/2014,2014,9,4,247,2014.675342,LC8-2014-09-04,LC8-2014247ndvi,"2014,, 9/  4",0.619827459,744.8148193,1275.703735,1075.592651,4582.852051,2738.259277,1525.703735,LC8
7/21/2015,2015,7,21,202,2015.552055,LC8-2015-07-21,LC8-2015202ndvi,"2015,, 7/ 21",0.430631492,1100.213745,1489.421997,1484.358643,3729.693848,2879.919678,1929.921631,LC8
8/22/2015,2015,8,22,234,2015.639726,LC8-2015-08-22,LC8-2015234ndvi,"2015,, 8/ 22",0.370409112,986.4953003,1367.829712,1420.147461,3091.186768,2766.606445,1905.372803,LC8
9/7/2015,2015,9,7,250,2015.683562,LC8-2015-09-07,LC8-2015250ndvi,"2015,, 9/  7",0.394966701,880.6065063,1204.094482,1253.254395,2889.507324,2691.535645,1791.651367,LC8
9/23/2015,2015,9,23,266,2015.727397,LC8-2015-09-23,LC8-2015266ndvi,"2015,, 9/ 23",0.353102797,876.682251,1232.832275,1299.004883,2717.104248,2552.294922,1757.357788,LC8
4/2/2016,2016,4,2,93,2016.253425,LC8-2016-04-02,LC8-2016093ndvi,"2016,, 4/  2",0.286290842,1073.074341,1446.962036,1611.325317,2904.030273,3108.6875,2234.288574,LC8
4/18/2016,2016,4,18,109,2016.29726,LC8-2016-04-18,LC8-2016109ndvi,"2016,, 4/ 18",0.281572897,1075.681885,1486.608521,1646.013794,2936.25708,3113.976318,2279.856201,LC8
8/24/2016,2016,8,24,237,2016.647945,LC8-2016-08-24,LC8-2016237ndvi,"2016,, 8/ 24",0.426678147,753.887085,1010.57782,990.5305176,2464.877686,1863.347778,1199.198853,LC8
9/25/2016,2016,9,25,269,2016.735616,LC8-2016-09-25,LC8-2016269ndvi,"2016,, 9/ 25",0.375785636,956.9300537,1302.724731,1353.511353,2983.17627,2711.337646,1837.140381,LC8
11/12/2016,2016,11,12,317,2016.867123,LC8-2016-11-12,LC8-2016317ndvi,"2016,, 11/ 12",0.359450073,819.9604492,1112.897705,1207.969727,2563.694824,2460.510254,1690.723511,LC8
3/4/2017,2017,3,4,63,2017.171233,LC8-2017-03-04,LC8-2017063ndvi,"2017,, 3/  4",0.24141474,961.7996216,1281.998779,1494.281006,2445.371094,2622.080566,1917.562378,LC8
4/21/2017,2017,4,21,111,2017.30274,LC8-2017-04-21,LC8-2017111ndvi,"2017,, 4/ 21",0.400360617,877.6484985,1273.020508,1313.223022,3066.81958,2636.925781,1776.170776,LC8
5/7/2017,2017,5,7,127,2017.346575,LC8-2017-05-07,LC8-2017127ndvi,"2017,, 5/  7",0.466538711,858.4460449,1261.844727,1234.23999,3393.049805,2480.802246,1622.495361,LC8
5/23/2017,2017,5,23,143,2017.390411,LC8-2017-05-23,LC8-2017143ndvi,"2017,, 5/ 23",0.48642209,797.564209,1211.088379,1164.071289,3369.111572,2339.794189,1551.416626,LC8
6/8/2017,2017,6,8,159,2017.434247,LC8-2017-06-08,LC8-2017159ndvi,"2017,, 6/  8",0.484002676,1239.548218,1705.390991,1657.127075,4765.879395,3368.920898,2245.49707,LC8
8/11/2017,2017,8,11,223,2017.609589,LC8-2017-08-11,LC8-2017223ndvi,"2017,, 8/ 11",0.496807695,739.9298706,1204.181396,1172.997681,3489.226563,2521.434082,1553.285278,LC8
10/14/2017,2017,10,14,287,2017.784932,LC8-2017-10-14,LC8-2017287ndvi,"2017,, 10/ 14",0.406550708,676.3024292,1010.360413,1061.130981,2515.016113,2381.781494,1544.707275,LC8
12/1/2017,2017,12,1,335,2017.916438,LC8-2017-12-01,LC8-2017335ndvi,"2017,, 12/  1",0.363530053,582.1280518,846.8354492,1002.968933,2148.692627,1846.681396,1156.044678,LC8
3/23/2018,2018,3,23,82,2018.223288,LC8-2018-03-23,LC8-2018082ndvi,"2018,, 3/ 23",0.218209741,1101.682495,1367.239502,1598.222168,2490.39917,2422.002441,1708.683105,LC8
7/13/2018,2018,7,13,194,2018.530137,LC8-2018-07-13,LC8-2018194ndvi,"2018,, 7/ 13",0.502227268,821.5825195,1225.431763,1217.178955,3673.321777,2731.109131,1780.931641,LC8
7/29/2018,2018,7,29,210,2018.573973,LC8-2018-07-29,LC8-2018210ndvi,"2018,, 7/ 29",0.491404689,915.5167847,1303.87439,1289.963257,3782.687744,2865.905762,1839.197998,LC8
1/5/2019,2019,1,5,5,2019.012329,LC8-2019-01-05,LC8-2019005ndvi,"2019,, 1/  5",0.357090375,582.055603,857.6876221,1006.91333,2125.450195,1993.870239,1262.382446,LC8
3/26/2019,2019,3,26,85,2019.231507,LC8-2019-03-26,LC8-2019085ndvi,"2019,, 3/ 26",0.246624503,944.1243896,1226.528809,1468.48877,2429.935791,2777.457275,1978.948608,LC8
4/27/2019,2019,4,27,117,2019.319178,LC8-2019-04-27,LC8-2019117ndvi,"2019,, 4/ 27",0.422321522,781.3959961,1141.077393,1183.446289,2913.802734,2518.743896,1695.636597,LC8
6/14/2019,2019,6,14,165,2019.450685,LC8-2019-06-14,LC8-2019165ndvi,"2019,, 6/ 14",0.55607303,716.8173828,1088.251465,1017.001465,3564.839844,2329.945313,1437.002441,LC8
9/18/2019,2019,9,18,261,2019.713699,LC8-2019-09-18,LC8-2019261ndvi,"2019,, 9/ 18",0.798984745,259.8364258,543.505188,401.8944092,3596.751465,2126.672852,1008.861267,LC8
12/7/2019,2019,12,7,341,2019.932877,LC8-2019-12-07,LC8-2019341ndvi,"2019,, 12/  7",0.539677274,486.2813416,805.1099854,976.1278687,3264.930908,2683.117676,1539.946289,LC8
12/23/2019,2019,12,23,357,2019.976712,LC8-2019-12-23,LC8-2019357ndvi,"2019,, 12/ 23",0.318077992,633.5480347,900.0940552,1086.974731,2100.999023,2107.250977,1356.165527,LC8
6/16/2020,2020,6,16,168,2020.458904,LC8-2020-06-16,LC8-2020168ndvi,"2020,, 6/ 16",0.789006864,145.9193726,379.0872803,240.2355804,2036.953003,857.6157837,453.6361084,LC8
7/18/2020,2020,7,18,200,2020.546575,LC8-2020-07-18,LC8-2020200ndvi,"2020,, 7/ 18",0.496460658,822.1837769,1167.2948,1148.521729,3413.273682,2747.183594,1783.786255,LC8
8/19/2020,2020,8,19,232,2020.634247,LC8-2020-08-19,LC8-2020232ndvi,"2020,, 8/ 19",0.457347575,845.8000488,1156.388916,1180.230835,3169.628418,2800.114258,1855.850098,LC8
9/4/2020,2020,9,4,248,2020.678082,LC8-2020-09-04,LC8-2020248ndvi,"2020,, 9/  4",0.734409787,346.7874451,636.2952881,512.5078735,3346.880371,2140.288086,1111.158203,LC8
9/20/2020,2020,9,20,264,2020.721918,LC8-2020-09-20,LC8-2020264ndvi,"2020,, 9/ 20",0.484388901,717.7088623,1024.026367,1029.378662,2963.470459,2485.115479,1655.062378,LC8
